{
  "pump_battery": 78.50000000000122,
  "heater_battery": 78.33333333333351
}